Fact,"Population Estimates, July 1 2021, (V2021)","Population estimates base, April 1, 2020, (V2021)","Population, percent change - April 1, 2020 (estimates base) to July 1, 2021, (V2021)","Population, Census, April 1, 2020","Population, Census, April 1, 2010","Persons under 5 years, percent","Persons under 18 years, percent","Persons 65 years and over, percent","Female persons, percent","White alone, percent","Black or African American alone, percent","American Indian and Alaska Native alone, percent","Asian alone, percent","Native Hawaiian and Other Pacific Islander alone, percent","Two or More Races, percent","Hispanic or Latino, percent","White alone, not Hispanic or Latino, percent","Veterans, 2017-2021","Foreign born persons, percent, 2017-2021","Housing units, July 1, 2021, (V2021)","Owner-occupied housing unit rate, 2017-2021","Median value of owner-occupied housing units, 2017-2021","Median selected monthly owner costs -with a mortgage, 2017-2021","Median selected monthly owner costs -without a mortgage, 2017-2021","Median gross rent, 2017-2021","Building permits, 2021","Households, 2017-2021","Persons per household, 2017-2021","Living in same house 1 year ago, percent of persons age 1 year+, 2017-2021","Language other than English spoken at home, percent of persons age 5 years+, 2017-2021","Households with a computer, percent, 2017-2021","Households with a broadband Internet subscription, percent, 2017-2021","High school graduate or higher, percent of persons age 25 years+, 2017-2021","Bachelor's degree or higher, percent of persons age 25 years+, 2017-2021","With a disability, under age 65 years, percent, 2017-2021","Persons without health insurance, under age 65 years, percent","In civilian labor force, total, percent of population age 16 years+, 2017-2021","In civilian labor force, female, percent of population age 16 years+, 2017-2021","Total accommodation and food services sales, 2017 ($1,000)","Total health care and social assistance receipts/revenue, 2017 ($1,000)","Total transportation and warehousing receipts/revenue, 2017 ($1,000)","Total retail sales, 2017 ($1,000)","Total retail sales per capita, 2017","Mean travel time to work (minutes), workers age 16 years+, 2017-2021","Median household income (in 2021 dollars), 2017-2021","Per capita income in past 12 months (in 2021 dollars), 2017-2021","Persons in poverty, percent","Total employer establishments, 2020","Total employment, 2020","Total annual payroll, 2020 ($1,000)","Total employment, percent change, 2019-2020","Total nonemployer establishments, 2019","All employer firms, Reference year 2017","Men-owned employer firms, Reference year 2017","Women-owned employer firms, Reference year 2017","Minority-owned employer firms, Reference year 2017","Nonminority-owned employer firms, Reference year 2017","Veteran-owned employer firms, Reference year 2017","Nonveteran-owned employer firms, Reference year 2017","Population per square mile, 2020","Population per square mile, 2010","Land area in square miles, 2020","Land area in square miles, 2010",Banned or not
"Adams County, Ohio","27,542","27,477",0.20%,"27,477","28,550",6.20%,24.20%,18.50%,50.10%,96.80%,0.60%,0.60%,0.30%,Z,1.60%,1.10%,95.80%,"1,840",0.70%,"12,703",73.20%,"$118,300","$1,159",$403,$593,25,"10,163",2.68,89.90%,1.80%,86.10%,76.30%,83.70%,16.00%,16.10%,9.40%,51.50%,50.90%,"21,942","71,880","12,117","262,519","$9,461",36.1,"$44,467","$24,539",18.90%,385,"4,572","167,427",4.90%,"1,758",337,191,S,S,263,S,238,47.1,48.9,583.87,583.87,0
"Allen County, Ohio","101,670","102,206",-0.50%,"102,206","106,331",6.00%,23.20%,18.20%,49.20%,82.70%,12.70%,0.30%,0.90%,Z,3.40%,3.70%,79.80%,"6,098",1.80%,"44,707",66.90%,"$126,900","$1,126",$457,$758,226,"40,671",2.42,86.60%,3.10%,90.60%,85.30%,91.10%,19.10%,12.70%,8.40%,60.90%,57.80%,"221,898","1,427,497","206,952","1,678,243","$16,266",19.5,"$55,114","$28,671",15.30%,"2,286","45,012","1,983,272",-2.50%,"5,492","2,040","1,236",305,116,"1,551",85,"1,556",253.9,264.2,402.55,402.5,1
"Ashland County, Ohio","52,316","52,447",-0.20%,"52,447","53,139",5.60%,22.30%,19.50%,50.70%,96.50%,0.90%,0.30%,0.80%,0.10%,1.50%,1.60%,95.10%,"3,076",1.50%,"22,513",76.50%,"$143,100","$1,124",$432,$748,61,"20,531",2.46,86.30%,6.10%,88.50%,82.80%,89.70%,22.20%,9.90%,9.00%,62.30%,56.70%,"76,949","262,551","54,399","506,179","$9,431",24.2,"$58,168","$28,992",10.90%,"1,034","18,234","701,075",-3.60%,"3,453",847,482,S,S,638,S,610,124,125.6,422.99,422.95,0
"Ashtabula County, Ohio","97,337","97,574",-0.20%,"97,574","101,497",5.60%,22.00%,20.00%,49.20%,92.70%,3.90%,0.40%,0.50%,0.10%,2.50%,4.80%,88.60%,"7,158",1.60%,"46,355",71.60%,"$121,100","$1,086",$426,$735,168,"38,332",2.47,87.20%,6.70%,88.30%,82.20%,86.40%,15.10%,12.70%,10.00%,56.70%,52.70%,"153,176","416,926","75,411","1,017,387","$10,406",25.8,"$49,680","$26,777",15.70%,"1,806","24,464","913,850",0.10%,"6,189","1,628",929,279,73,"1,326",S,"1,243",139,144.6,702.07,701.93,0
"Athens County, Ohio","62,056","62,431",-0.60%,"62,431","64,757",3.70%,14.50%,14.30%,50.10%,91.30%,2.90%,0.40%,2.80%,0.10%,2.60%,2.00%,89.80%,"3,255",4.10%,"26,387",59.80%,"$150,800","$1,210",$464,$840,110,"22,381",2.41,70.00%,5.20%,90.60%,80.70%,90.90%,34.10%,12.90%,9.40%,55.30%,53.80%,"119,717","383,740","36,086","742,307","$11,148",21.9,"$47,061","$24,990",20.90%,"1,029","13,265","469,095",-2.20%,"3,438",806,S,S,33,610,56,565,124,128.6,503.64,503.6,0
"Auglaize County, Ohio","46,141","46,422",-0.60%,"46,422","45,949",6.10%,24.10%,19.00%,49.80%,96.90%,0.70%,0.30%,0.60%,0.10%,1.40%,1.90%,95.30%,"2,616",0.90%,"20,044",76.20%,"$150,200","$1,172",$438,$762,156,"18,872",2.43,90.20%,2.00%,91.70%,86.40%,93.70%,20.10%,7.60%,7.40%,67.30%,61.10%,"57,176","198,752","51,380","502,204","$10,976",19.1,"$69,315","$33,720",7.90%,975,"22,072","990,028",6.40%,"2,665",850,546,S,S,686,S,642,115.7,114.5,401.39,401.39,1
"Belmont County, Ohio","65,849","66,497",-1.00%,"66,497","70,400",4.70%,19.10%,21.70%,48.60%,93.20%,4.20%,0.20%,0.50%,Z,1.80%,1.20%,92.20%,"4,183",1.30%,"31,575",75.80%,"$116,700","$1,013",$416,$694,4,"25,388",2.49,92.00%,1.40%,84.40%,78.80%,91.50%,16.00%,11.50%,7.80%,54.40%,51.00%,"131,050","328,044","139,981","1,125,963","$16,540",25.1,"$54,191","$28,348",15.90%,"1,354","18,059","697,203",-4.70%,"3,144","1,081",613,S,S,827,S,803,125,132.3,532.13,532.13,0
"Brown County, Ohio","43,662","43,676",0.00%,"43,676","44,846",5.70%,22.90%,18.80%,50.00%,97.00%,1.00%,0.30%,0.40%,Z,1.40%,1.30%,96.00%,"2,909",0.40%,"19,454",73.50%,"$141,400","$1,146",$438,$742,122,"16,968",2.54,88.70%,0.90%,86.80%,77.80%,86.70%,14.60%,12.10%,8.10%,57.00%,54.10%,"38,686","73,651","22,238","334,266","$7,674",33.6,"$59,766","$28,658",16.80%,542,"5,434","163,396",-3.30%,"2,757",370,224,S,S,310,S,275,89.2,91.5,489.54,490.02,0
"Butler County, Ohio","390,234","390,357",0.00%,"390,357","368,130",5.80%,23.40%,15.50%,50.60%,82.70%,9.80%,0.30%,4.30%,0.20%,2.70%,5.40%,78.30%,"20,165",6.60%,"154,873",69.60%,"$190,500","$1,481",$533,$966,941,"142,881",2.64,86.00%,8.50%,93.90%,89.80%,91.50%,31.80%,8.40%,7.70%,64.00%,60.10%,"811,846","1,831,995","1,096,029","8,376,739","$22,001",25.1,"$72,281","$34,632",11.60%,"7,292","145,687","7,053,119",2.60%,"24,431","5,911","3,501",882,477,"4,434",373,"4,501",836.7,788.2,466.52,467.06,1
"Carroll County, Ohio","26,691","26,721",-0.10%,"26,721","28,836",5.20%,20.90%,22.20%,49.30%,97.00%,0.80%,0.40%,0.30%,Z,1.50%,1.50%,95.80%,"1,863",0.40%,"13,399",76.30%,"$142,600","$1,193",$430,$715,1,"11,300",2.34,92.40%,5.00%,88.60%,76.70%,89.70%,14.10%,12.20%,11.10%,57.10%,51.50%,"28,965","49,739","44,244","215,676","$7,892",28.6,"$55,954","$30,965",13.30%,453,"5,447","190,081",1.20%,"1,942",398,S,S,S,324,S,310,67.7,73.1,394.61,394.61,0
"Champaign County, Ohio","38,699","38,714",0.00%,"38,714","40,097",5.40%,22.00%,18.70%,50.00%,94.40%,2.20%,0.50%,0.50%,Z,2.40%,1.80%,92.90%,"2,547",1.20%,"16,905",74.80%,"$146,700","$1,183",$531,$779,51,"15,506",2.45,87.30%,1.10%,93.00%,86.20%,91.20%,16.70%,11.00%,8.00%,62.50%,58.40%,"29,395","86,000","31,076","309,930","$7,976",25.6,"$62,865","$30,090",10.60%,575,"9,581","408,405",-0.10%,"2,381",514,213,149,26,401,S,376,90.2,93.5,428.99,428.67,0
"Clark County, Ohio","135,633","136,001",-0.30%,"136,001","138,333",5.80%,22.50%,19.80%,51.10%,86.40%,9.10%,0.40%,0.70%,0.10%,3.30%,3.80%,83.30%,"10,606",1.80%,"61,040",68.10%,"$127,400","$1,111",$458,$755,199,"55,124",2.41,85.20%,3.20%,92.10%,87.80%,88.70%,18.90%,12.50%,8.10%,59.90%,54.80%,"207,893","709,661","400,044","1,411,399","$10,483",22.6,"$54,869","$28,679",16.00%,"2,167","38,457","1,500,960",-3.20%,"6,815","1,875","1,074",272,138,"1,377",179,"1,296",342.7,348,396.88,397.47,0
"Clermont County, Ohio","209,642","208,601",0.50%,"208,601","197,363",5.60%,22.50%,17.70%,50.40%,94.60%,1.90%,0.20%,1.40%,0.10%,1.70%,2.20%,92.70%,"12,422",2.20%,"87,402",73.20%,"$190,600","$1,443",$550,$912,"1,224","81,785",2.52,87.90%,3.10%,93.60%,89.40%,90.50%,29.50%,11.20%,8.50%,65.50%,59.90%,"334,148","639,975","265,811","3,014,605","$14,745",28,"$73,013","$38,260",9.50%,"3,614","51,928","2,297,661",-1.10%,"14,051","2,848","1,757",416,117,"2,293",180,"2,197",460.9,436.5,452.56,452.1,0
"Clinton County, Ohio","42,004","42,018",0.00%,"42,018","42,040",5.70%,22.70%,18.00%,50.40%,94.20%,2.20%,0.40%,0.60%,0.10%,2.50%,2.00%,92.70%,"3,087",2.40%,"17,944",69.20%,"$149,500","$1,193",$465,$774,88,"16,548",2.46,86.40%,2.60%,91.90%,86.00%,91.20%,20.10%,12.10%,8.50%,62.80%,59.80%,"63,338","196,168","460,411","480,706","$11,436",25.8,"$57,409","$29,651",12.00%,702,"16,444","845,042",8.70%,"2,579",611,311,S,S,426,S,418,102.8,102.9,408.73,408.68,0
"Columbiana County, Ohio","101,310","101,877",-0.60%,"101,877","107,841",5.00%,20.40%,21.40%,49.00%,95.00%,2.60%,0.30%,0.30%,Z,1.80%,2.10%,93.30%,"8,199",0.90%,"46,142",73.60%,"$107,300","$1,034",$392,$664,63,"41,313",2.39,88.90%,2.00%,88.50%,82.80%,89.50%,15.70%,12.10%,9.60%,57.90%,54.70%,"123,356","454,971","240,208","1,229,420","$11,913",25.1,"$51,664","$28,538",16.70%,"1,909","26,679","925,485",-0.80%,"5,999","1,524",891,S,55,"1,302",S,"1,218",191.5,202.7,531.92,531.89,0
"Coshocton County, Ohio","36,618","36,612",Z,"36,612","36,901",6.20%,24.10%,19.90%,50.20%,96.30%,1.20%,0.30%,0.40%,0.10%,1.60%,1.30%,95.30%,"2,160",0.60%,"16,314",73.00%,"$113,800","$1,000",$396,$645,5,"14,517",2.49,88.70%,9.10%,84.20%,76.20%,84.30%,17.10%,10.80%,11.00%,57.80%,53.60%,"29,724","151,259","24,540","341,045","$9,335",24.7,"$49,297","$24,901",13.90%,609,"8,121","319,800",-5.40%,"2,469",651,378,77,S,536,S,495,64.9,65.4,563.99,563.91,0
"Crawford County, Ohio","41,754","42,025",-0.60%,"42,025","43,784",5.50%,21.90%,21.30%,50.80%,96.40%,1.20%,0.30%,0.60%,0.10%,1.30%,1.90%,94.80%,"2,472",1.50%,"19,842",69.10%,"$98,600",$931,$399,$695,10,"18,028",2.3,87.10%,2.70%,90.60%,84.30%,90.00%,15.70%,12.30%,9.00%,60.10%,54.80%,"50,484","318,266","24,257","360,332","$8,634",24.1,"$48,449","$27,866",13.50%,767,"12,093","450,310",-2.80%,"2,208",717,420,105,S,578,S,520,104.6,109,401.79,401.79,1
"Cuyahoga County, Ohio","1,249,387","1,264,817",-1.20%,"1,264,817","1,280,122",5.40%,20.60%,19.00%,52.00%,63.20%,30.50%,0.30%,3.50%,Z,2.50%,6.60%,58.00%,"62,153",7.50%,"615,454",58.20%,"$146,800","$1,380",$580,$875,784,"551,267",2.24,85.80%,12.10%,90.80%,83.90%,90.70%,34.40%,10.90%,7.50%,63.40%,60.10%,"3,332,698","17,916,961","3,779,511","16,920,714","$13,560",24,"$55,109","$36,321",16.20%,"31,708","673,763","38,514,352",0.70%,"99,039","24,327","14,857","4,430","2,243","19,143","1,527","19,718","2,766.40","2,800.00",457.21,457.19,0
"Darke County, Ohio","51,597","51,881",-0.50%,"51,881","52,959",6.10%,24.00%,20.00%,50.00%,97.10%,0.70%,0.20%,0.50%,0.10%,1.40%,1.80%,95.50%,"2,808",0.50%,"22,645",71.90%,"$134,200","$1,118",$422,$682,63,"20,826",2.46,89.40%,1.50%,88.20%,82.80%,91.30%,16.70%,9.00%,9.40%,62.50%,56.80%,"44,500","185,852","168,080","516,575","$10,016",23,"$57,440","$29,914",10.40%,"1,136","15,710","667,993",-8.00%,"3,534",916,498,S,S,767,36,704,86.7,88.5,598.1,598.1,0
"Defiance County, Ohio","38,144","38,286",-0.40%,"38,286","39,037",5.50%,22.80%,19.50%,49.90%,95.00%,2.30%,0.50%,0.50%,0.10%,1.60%,10.80%,85.50%,"2,236",2.00%,"16,573",77.90%,"$131,400","$1,083",$460,$756,46,"15,075",2.51,89.10%,5.30%,91.10%,84.50%,92.10%,19.20%,9.30%,8.30%,65.40%,59.90%,"63,753","232,836","124,274","847,079","$22,199",20.8,"$65,779","$32,035",10.10%,796,"13,807","576,118",3.10%,"2,100",639,346,137,S,476,S,508,93.1,94.9,411.45,411.46,0
"Delaware County, Ohio","220,740","214,124",3.10%,"214,124","174,214",5.70%,25.30%,14.60%,50.00%,84.70%,4.40%,0.20%,8.50%,0.10%,2.20%,3.00%,82.20%,"9,675",8.00%,"84,176",79.10%,"$336,600","$2,205",$833,"$1,202","2,359","76,549",2.73,88.40%,9.50%,97.90%,95.50%,97.20%,57.10%,5.50%,5.00%,70.40%,64.30%,"582,897","797,836","238,577","4,101,929","$20,392",26,"$116,284","$52,397",4.10%,"4,893","89,828","4,740,171",4.20%,"18,834","3,776","2,168",664,361,"2,856",S,"2,835",483.2,393.2,443.15,443.1,0
"Erie County, Ohio","74,852","75,622",-1.00%,"75,622","77,079",5.20%,20.10%,22.90%,50.90%,86.30%,9.00%,0.30%,0.80%,0.10%,3.50%,4.80%,82.40%,"5,281",1.70%,"38,320",69.70%,"$152,800","$1,195",$497,$814,289,"31,984",2.32,89.40%,3.40%,91.40%,81.60%,91.90%,25.20%,11.00%,7.70%,62.00%,59.30%,"344,313","536,549","107,098","1,243,980","$16,636",20.8,"$60,149","$35,100",12.60%,"1,780","32,736","1,233,289",0.50%,"5,142","1,413",761,182,92,987,S,987,300.9,306.4,251.29,251.56,0
"Fairfield County, Ohio","161,064","158,921",1.30%,"158,921","146,156",5.80%,24.00%,16.10%,50.00%,85.10%,9.80%,0.30%,2.40%,0.10%,2.40%,2.60%,83.20%,"9,315",4.10%,"63,340",75.10%,"$213,500","$1,539",$561,$963,875,"57,841",2.67,88.40%,5.30%,93.30%,87.50%,93.50%,30.20%,9.20%,8.00%,64.10%,60.60%,"252,325","832,730","136,856","1,966,556","$12,711",28.3,"$77,241","$35,481",8.20%,"2,670","36,790","1,395,045",-1.00%,"11,428","2,226","1,265",372,111,"1,775",180,"1,655",315.1,289.8,504.37,504.41,0
"Fayette County, Ohio","28,906","28,951",-0.20%,"28,951","29,030",5.80%,23.70%,18.20%,50.80%,93.50%,2.60%,0.30%,1.20%,Z,2.40%,2.40%,91.60%,"1,424",1.90%,"12,718",64.40%,"$125,000","$1,090",$437,$729,33,"11,471",2.49,88.40%,1.50%,90.40%,83.70%,84.20%,14.70%,15.70%,9.10%,58.10%,51.40%,"61,139","95,611","25,535","611,847","$21,342",26,"$52,964","$27,586",16.30%,562,"9,898","366,763",0.70%,"1,420",534,278,42,S,354,36,332,71.2,71.4,406.36,406.36,0
"Franklin County, Ohio","1,321,414","1,323,807",-0.20%,"1,323,807","1,163,414",6.60%,23.30%,12.70%,50.90%,65.80%,24.40%,0.30%,5.90%,0.10%,3.60%,6.20%,60.80%,"59,227",11.50%,"589,008",53.60%,"$203,200","$1,549",$632,"$1,070","6,652","537,109",2.39,82.20%,14.20%,95.20%,90.90%,91.50%,41.20%,8.40%,9.50%,69.90%,65.50%,"3,728,293","14,875,892","7,905,405","25,665,382","$19,798",22.2,"$65,999","$37,532",14.30%,"29,479","672,835","37,097,059",0.40%,"106,978","20,775","12,663","3,796","2,490","15,558","1,153","16,759","2,486.40","2,186.10",532.42,532.19,0
"Fulton County, Ohio","42,450","42,713",-0.60%,"42,713","42,698",5.70%,23.40%,19.00%,50.00%,96.50%,1.00%,0.50%,0.50%,0.10%,1.50%,9.30%,88.10%,"2,405",1.70%,"17,730",80.50%,"$145,600","$1,198",$465,$768,31,"16,763",2.52,91.70%,4.00%,92.30%,87.10%,93.10%,17.60%,10.70%,8.60%,63.40%,58.30%,"43,799","201,466","61,267","504,346","$11,930",22.5,"$65,418","$31,805",8.10%,938,"15,762","689,737",-2.10%,"2,920",902,562,81,25,767,56,689,105.3,105.3,405.45,405.44,0
"Gallia County, Ohio","29,158","29,220",-0.20%,"29,220","30,934",6.10%,23.30%,19.50%,50.30%,94.20%,2.40%,0.50%,0.70%,0.30%,2.00%,1.40%,93.10%,"1,342",1.10%,"13,440",76.70%,"$120,500","$1,200",$435,$718,14,"11,292",2.53,91.00%,3.60%,82.90%,74.40%,85.10%,17.20%,15.00%,9.00%,52.90%,47.10%,"50,266","325,771","18,605","392,873","$13,028",27.8,"$50,773","$26,484",18.00%,542,"9,209","362,594",-3.60%,"1,683",347,S,S,S,S,26,S,62.6,66.3,466.53,466.53,0
"Geauga County, Ohio","95,565","95,397",0.20%,"95,397","93,389",5.30%,22.50%,21.50%,49.80%,96.70%,1.30%,0.20%,0.70%,Z,1.10%,1.80%,95.10%,"4,731",2.50%,"37,540",87.20%,"$259,900","$1,757",$652,$895,191,"35,249",2.68,92.40%,12.30%,90.30%,85.40%,90.60%,38.40%,5.70%,10.00%,65.10%,58.30%,"126,711","495,587","149,078","1,504,254","$16,021",28.1,"$90,285","$45,199",6.20%,"2,711","29,806","1,294,357",-0.80%,"10,957","2,382","1,373",480,57,"2,104",S,"2,019",238.3,233.4,400.3,400.16,0
"Greene County, Ohio","168,412","167,966",0.30%,"167,966","161,573",5.30%,20.70%,18.00%,50.30%,85.70%,7.40%,0.30%,3.10%,0.10%,3.40%,3.20%,83.10%,"15,148",4.90%,"71,889",66.80%,"$190,200","$1,510",$582,$938,685,"66,279",2.39,84.00%,5.90%,94.40%,90.70%,94.00%,41.10%,8.80%,6.70%,60.90%,55.90%,"414,215","788,555","87,846","2,591,446","$15,544",21.3,"$75,901","$38,882",10.30%,"3,255","55,902","2,730,534",-1.30%,"10,704","2,595","1,468",454,242,"1,870",222,"1,878",406.1,390.5,413.56,413.73,0
"Guernsey County, Ohio","38,287","38,438",-0.40%,"38,438","40,087",5.60%,22.10%,20.30%,49.90%,95.40%,1.70%,0.40%,0.50%,Z,2.10%,1.30%,94.30%,"2,773",1.00%,"19,041",71.90%,"$126,500","$1,072",$425,$731,26,"16,136",2.36,87.60%,4.30%,87.80%,78.60%,85.90%,14.80%,13.00%,10.50%,55.40%,50.70%,"77,578","302,172","172,194","532,266","$13,621",22.6,"$48,434","$26,716",15.20%,819,"13,504","519,565",-1.40%,"2,243",736,S,21,S,S,88,S,73.6,76.8,522.25,522.25,0
"Hamilton County, Ohio","826,139","830,639",-0.50%,"830,639","802,374",6.30%,23.00%,16.10%,51.40%,67.30%,26.60%,0.30%,3.00%,0.10%,2.70%,3.90%,64.30%,"39,032",5.90%,"380,401",58.70%,"$172,800","$1,460",$604,$875,"1,922","345,878",2.34,84.30%,7.40%,92.70%,88.40%,91.90%,39.60%,8.80%,6.70%,66.70%,62.90%,"2,445,265","11,839,285","2,248,866","13,273,606","$16,293",23.4,"$63,080","$38,902",15.70%,"20,772","493,248","30,753,058",-1.00%,"62,412","15,272","9,219","2,735","1,150","11,949",846,"12,077","2,048.90","1,976.70",405.41,405.91,0
"Hancock County, Ohio","74,656","74,920",-0.40%,"74,920","74,782",5.70%,21.90%,18.10%,50.10%,93.10%,2.20%,0.40%,2.20%,Z,2.00%,6.20%,87.80%,"4,554",3.40%,"33,908",69.60%,"$157,300","$1,225",$480,$792,121,"31,164",2.35,86.20%,5.20%,93.70%,88.00%,93.40%,28.00%,7.70%,8.00%,64.90%,59.60%,"205,867","579,048","255,383","1,244,340","$16,376",18,"$60,828","$34,532",10.00%,"1,652","44,318","2,240,851",0.20%,"4,513","1,453",764,247,S,"1,119",S,"1,063",141,140.7,531.33,531.36,1
"Hardin County, Ohio","30,621","30,696",-0.20%,"30,696","32,058",6.10%,23.50%,16.20%,50.00%,95.80%,1.10%,0.30%,0.90%,0.10%,1.80%,2.20%,94.10%,"1,707",2.10%,"12,904",71.60%,"$114,600","$1,106",$408,$710,24,"11,557",2.46,84.90%,7.00%,89.80%,82.30%,90.50%,16.40%,10.40%,10.60%,59.10%,54.20%,"32,092","61,677",D,"220,473","$7,035",22.9,"$52,112","$25,057",16.90%,426,"6,693","230,333",-5.00%,"1,485",341,164,S,S,241,S,235,65.3,68.1,470.29,470.41,0
"Harrison County, Ohio","14,477","14,483",0.00%,"14,483","15,864",5.00%,21.00%,22.10%,50.10%,95.30%,2.10%,0.30%,0.30%,Z,2.00%,1.30%,94.30%,974,0.70%,"7,378",77.30%,"$101,600",$962,$398,$608,X,"5,748",2.5,93.40%,4.00%,83.30%,78.30%,88.40%,12.20%,13.20%,10.00%,50.70%,43.90%,"8,982","39,365","64,414","87,123","$5,731",30.4,"$51,993","$27,455",14.10%,260,"2,904","126,688",-6.10%,868,176,90,35,S,139,S,119,36,39.4,402.33,402.34,0
"Henry County, Ohio","27,538","27,662",-0.40%,"27,662","28,215",5.80%,23.20%,19.40%,50.10%,96.80%,0.80%,0.50%,0.60%,Z,1.30%,7.90%,89.60%,"2,045",1.40%,"12,063",78.30%,"$138,100","$1,141",$481,$785,19,"11,040",2.46,90.80%,4.20%,91.70%,87.50%,93.60%,17.70%,9.90%,8.30%,63.80%,59.50%,"27,508","89,591","103,506","250,781","$9,224",22.7,"$64,513","$31,671",8.90%,558,"8,089","371,113",0.80%,"1,647",546,347,73,S,449,S,453,66.5,67.8,416.01,416.01,0
"Highland County, Ohio","43,354","43,317",0.10%,"43,317","43,589",6.30%,23.80%,18.90%,50.40%,95.60%,1.60%,0.40%,0.50%,Z,1.90%,1.40%,94.60%,"2,830",0.80%,"18,977",71.60%,"$126,200","$1,092",$396,$704,71,"16,526",2.58,89.10%,3.20%,85.90%,77.40%,83.70%,14.10%,13.50%,10.30%,58.20%,53.70%,"44,465","147,828","21,586","436,168","$10,160",28.5,"$52,376","$24,980",13.90%,676,"8,371","334,403",-2.50%,"2,935",556,292,62,S,404,S,388,78.3,78.8,553.08,553.08,0
"Hocking County, Ohio","28,097","28,050",0.20%,"28,050","29,380",5.30%,21.70%,19.80%,50.00%,96.70%,0.80%,0.40%,0.50%,Z,1.50%,1.20%,95.80%,"1,676",0.50%,"12,994",78.30%,"$144,000","$1,180",$446,$701,12,"11,240",2.47,91.40%,1.90%,90.70%,83.70%,88.10%,14.80%,13.00%,8.70%,58.70%,53.40%,"49,749","95,710","8,210","237,832","$8,363",29.8,"$56,755","$27,714",16.50%,482,"5,340","158,449",1.70%,"1,875",349,232,27,S,277,42,233,66.6,69.7,421.35,421.32,0
"Holmes County, Ohio","44,271","44,223",0.10%,"44,223","42,366",8.40%,30.50%,14.10%,49.50%,98.40%,0.40%,0.10%,0.30%,0.10%,0.70%,1.00%,97.60%,"1,081",0.40%,"14,578",77.70%,"$231,200","$1,348",$455,$700,4,"13,200",3.28,92.20%,49.50%,68.70%,60.40%,56.60%,10.50%,4.50%,28.40%,65.00%,49.80%,"76,919","163,683","148,895","643,361","$14,652",21.9,"$69,454","$26,999",10.10%,"1,332","18,805","766,913",1.30%,"5,588","1,055",743,82,S,961,S,928,104.6,100.3,422.61,422.53,0
"Huron County, Ohio","58,367","58,565",-0.30%,"58,565","59,626",6.00%,23.80%,18.10%,50.10%,95.90%,1.50%,0.30%,0.40%,Z,1.80%,7.00%,89.60%,"3,285",1.20%,"25,507",72.00%,"$133,600","$1,110",$452,$750,142,"23,288",2.48,89.50%,3.80%,90.90%,83.40%,90.00%,15.00%,11.80%,8.50%,61.70%,56.60%,"64,022","293,111","165,622","687,048","$11,764",22.6,"$59,049","$28,145",11.20%,"1,081","18,620","831,402",2.30%,"3,140",960,500,S,52,758,S,667,119,121.3,492.24,491.5,0
"Jackson County, Ohio","32,511","32,653",-0.40%,"32,653","33,225",6.10%,23.90%,17.90%,50.50%,96.70%,0.70%,0.40%,0.40%,Z,1.80%,1.10%,95.70%,"2,198",0.60%,"14,512",75.00%,"$111,400","$1,106",$421,$685,51,"12,361",2.6,91.20%,2.40%,86.90%,79.10%,87.40%,15.10%,16.30%,8.70%,57.80%,53.30%,"40,449","132,187","29,168","377,901","$11,664",27.1,"$50,983","$25,843",17.70%,607,"8,478","296,472",0.20%,"1,622",410,S,S,S,295,S,308,77.7,79,420.31,420.3,0
"Jefferson County, Ohio","64,789","65,249",-0.70%,"65,249","69,709",5.10%,19.70%,22.20%,51.00%,91.20%,5.50%,0.20%,0.60%,Z,2.50%,1.80%,89.80%,"4,649",1.30%,"31,081",70.90%,"$102,800","$1,055",$429,$694,6,"26,776",2.37,89.80%,2.00%,85.00%,81.80%,92.70%,18.30%,12.60%,7.30%,55.20%,51.70%,"86,508","427,447","78,339","841,146","$12,668",23.3,"$49,211","$28,207",17.20%,"1,188","18,549","702,650",-0.60%,"3,077",962,509,S,S,784,S,770,159.9,170.7,408.12,408.33,0
"Knox County, Ohio","62,897","62,721",0.30%,"62,721","60,921",5.90%,22.90%,18.80%,50.50%,96.50%,1.00%,0.30%,0.60%,Z,1.50%,1.80%,95.00%,"4,132",1.30%,"25,920",72.60%,"$168,700","$1,267",$467,$826,351,"22,908",2.57,88.10%,5.20%,91.10%,85.30%,91.70%,22.70%,9.60%,9.00%,60.30%,55.70%,"75,785","299,190","30,939","622,977","$10,155",27.5,"$64,439","$29,383",12.50%,"1,095","18,357","733,504",Z,"4,984",859,502,107,S,717,S,645,119.4,115.9,525.5,525.49,1
"Lake County, Ohio","232,023","232,603",-0.20%,"232,603","230,041",4.80%,19.50%,21.10%,50.90%,90.90%,5.30%,0.20%,1.60%,Z,2.00%,5.00%,86.60%,"14,005",5.60%,"105,937",74.50%,"$166,200","$1,349",$560,$952,775,"98,217",2.34,89.10%,8.20%,93.10%,89.60%,93.00%,28.90%,8.70%,7.90%,65.40%,61.40%,"496,973","1,078,395","147,313","3,755,526","$16,320",23.8,"$70,168","$37,586",7.00%,"5,498","86,083","4,245,635",-0.50%,"16,689","4,412","2,850",608,226,"3,657",270,"3,528","1,014.50","1,011.20",229.27,227.49,0
"Lawrence County, Ohio","57,445","58,240",-1.40%,"58,240","62,450",5.30%,21.70%,19.30%,51.00%,95.20%,2.20%,0.30%,0.50%,Z,1.80%,1.00%,94.40%,"3,967",0.90%,"26,519",72.10%,"$112,200","$1,090",$435,$759,16,"22,608",2.56,90.60%,1.10%,86.80%,79.80%,88.90%,16.90%,18.20%,8.00%,52.50%,49.00%,"64,284","139,082","112,168","583,140","$9,691",22.7,"$48,947","$25,754",17.20%,791,"10,304","361,227",-0.40%,"2,683",564,271,S,S,468,S,413,128.5,137.7,453.39,453.37,0
"Licking County, Ohio","180,401","178,519",1.10%,"178,519","166,492",5.80%,23.00%,17.10%,50.50%,89.30%,4.40%,0.40%,3.30%,0.10%,2.60%,2.30%,87.40%,"12,598",3.30%,"73,008",73.40%,"$195,100","$1,472",$527,$894,363,"66,342",2.62,87.30%,4.50%,93.70%,89.80%,92.80%,28.60%,11.40%,7.50%,62.80%,58.90%,"240,471","742,626","236,861","2,497,946","$14,373",27,"$72,771","$35,931",11.00%,"3,022","56,800","2,444,812",2.20%,"12,588","2,539","1,392",S,S,"2,087",S,"1,985",261.6,243.9,682.43,682.5,0
"Logan County, Ohio","46,035","46,150",-0.20%,"46,150","45,858",5.70%,22.90%,19.10%,50.20%,94.30%,2.00%,0.30%,0.90%,0.10%,2.40%,2.10%,92.50%,"2,873",1.30%,"23,789",75.80%,"$148,600","$1,167",$489,$740,126,"18,928",2.41,88.60%,2.70%,92.60%,87.80%,92.80%,17.90%,9.70%,7.60%,61.30%,57.30%,"101,835","193,611","140,348","504,218","$11,151",22.1,"$64,196","$32,868",10.10%,808,"16,703","789,601",-1.20%,"2,909",830,512,S,44,651,88,607,100.7,100,458.51,458.43,1
"Lorain County, Ohio","315,595","312,964",0.80%,"312,964","301,356",5.40%,21.80%,19.20%,50.40%,85.80%,9.00%,0.40%,1.50%,0.10%,3.30%,10.80%,77.10%,"18,562",2.80%,"135,686",72.50%,"$164,600","$1,368",$542,$821,"1,127","123,500",2.45,89.40%,6.70%,92.90%,82.50%,90.90%,26.00%,9.70%,7.50%,60.40%,57.70%,"444,363","1,744,523","230,279","3,875,576","$12,604",24.8,"$62,390","$33,799",12.80%,"5,483","85,777","3,665,272",Z,"19,307","4,390","2,629",840,257,"3,621",194,"3,624",638,613.6,490.54,491.1,0
"Lucas County, Ohio","429,191","431,279",-0.50%,"431,279","441,815",6.10%,23.10%,17.10%,51.40%,73.60%,20.50%,0.40%,1.80%,0.10%,3.60%,7.80%,67.40%,"20,910",3.80%,"200,856",61.20%,"$127,900","$1,261",$499,$803,460,"179,358",2.35,85.70%,6.40%,92.00%,86.20%,90.20%,27.50%,11.70%,7.60%,63.20%,59.50%,"986,578","4,694,114","1,091,865","6,470,470","$15,002",20.6,"$53,176","$31,632",17.40%,"9,297","188,890","9,467,561",-3.10%,"25,675","7,005","4,406",951,573,"5,351",381,"5,449","1,269.70","1,296.20",339.66,340.86,0
"Madison County, Ohio","44,386","43,824",1.30%,"43,824","43,435",5.10%,20.30%,16.10%,45.40%,89.70%,6.50%,0.40%,1.50%,Z,1.80%,2.70%,87.40%,"2,666",1.50%,"16,359",73.80%,"$173,400","$1,372",$508,$870,89,"15,181",2.55,85.10%,4.20%,91.70%,87.40%,88.40%,20.00%,10.90%,7.40%,56.70%,60.10%,"51,887","98,695","155,384","1,745,971","$39,612",24.9,"$72,811","$31,493",13.40%,687,"15,459","687,596",6.60%,"2,875",621,380,62,S,517,57,464,94.1,93.2,465.81,465.88,0
"Mahoning County, Ohio","226,762","228,614",-0.80%,"228,614","238,823",5.30%,20.10%,21.80%,50.50%,80.10%,16.00%,0.30%,0.90%,0.10%,2.60%,7.00%,74.90%,"13,771",2.20%,"107,973",69.80%,"$114,600","$1,120",$438,$706,194,"97,293",2.29,88.40%,6.20%,89.70%,84.50%,91.40%,24.90%,11.70%,8.50%,60.20%,57.20%,"450,590","2,114,285","413,254","3,772,503","$16,442",22.3,"$50,750","$30,421",19.30%,"5,295","84,892","3,327,818",-0.40%,"16,376","4,324","2,624",691,212,"3,545",279,"3,417",555.6,580.2,411.49,411.62,0
"Marion County, Ohio","65,291","65,359",-0.10%,"65,359","66,501",5.60%,21.30%,18.50%,46.70%,89.90%,6.70%,0.30%,0.60%,0.10%,2.30%,3.10%,87.50%,"4,542",1.60%,"27,357",67.30%,"$114,800","$1,074",$426,$782,49,"24,251",2.47,85.30%,4.60%,91.20%,85.20%,89.90%,13.10%,14.00%,7.60%,53.10%,52.50%,"103,682","466,004","152,910","812,004","$12,471",23.4,"$51,144","$26,823",15.80%,"1,094","22,275","918,875",0.30%,"3,003",898,446,96,S,639,S,555,161.9,164.7,403.81,403.76,0
"Medina County, Ohio","183,092","182,470",0.30%,"182,470","172,332",4.90%,21.70%,19.10%,50.20%,95.20%,1.60%,0.20%,1.40%,Z,1.50%,2.60%,93.00%,"9,712",3.00%,"75,697",79.80%,"$219,900","$1,540",$569,$958,463,"71,360",2.52,91.00%,4.30%,95.50%,90.00%,95.10%,35.00%,7.20%,6.20%,67.50%,62.20%,"276,209","676,573","234,849","3,119,464","$17,492",27.2,"$82,894","$41,100",6.10%,"3,978","54,701","2,461,886",-0.20%,"14,123","3,618","2,166",564,123,"3,079",257,"2,893",432.9,409,421.46,421.36,1
"Meigs County, Ohio","22,049","22,210",-0.70%,"22,210","23,770",4.90%,21.00%,21.00%,50.10%,97.10%,1.00%,0.30%,0.30%,Z,1.30%,0.90%,96.40%,"1,313",0.30%,"10,664",77.50%,"$100,300","$1,010",$382,$639,6,"8,719",2.54,90.40%,1.20%,83.30%,71.40%,85.10%,12.40%,16.10%,9.30%,50.20%,45.90%,"20,240","46,499",D,"186,316","$8,072",32.3,"$44,113","$24,812",21.10%,313,"2,571","73,632",-4.70%,"1,105",S,S,S,S,S,S,247,51.6,55.3,430.1,430.1,0
"Mercer County, Ohio","42,309","42,528",-0.50%,"42,528","40,814",7.60%,26.30%,19.00%,49.30%,96.40%,0.50%,0.30%,0.60%,0.90%,1.30%,1.90%,94.90%,"2,087",1.60%,"18,013",79.60%,"$169,500","$1,197",$473,$679,85,"15,923",2.61,89.80%,2.10%,92.10%,89.10%,92.90%,20.40%,6.10%,7.50%,69.30%,65.60%,"46,102","160,363","227,135","548,311","$13,410",19.1,"$68,692","$32,528",7.30%,"1,027","16,352","663,713",-3.30%,"2,849",964,521,134,S,833,S,835,92,88.3,462.45,462.45,0
"Miami County, Ohio","109,264","108,774",0.50%,"108,774","102,506",5.70%,23.10%,19.20%,50.40%,92.90%,2.70%,0.20%,1.80%,Z,2.30%,2.00%,91.20%,"6,858",3.10%,"46,998",73.00%,"$165,600","$1,238",$478,$832,307,"43,279",2.47,88.10%,3.90%,93.00%,88.80%,93.20%,24.30%,7.70%,6.90%,64.80%,57.90%,"173,215","387,410","159,043","1,417,132","$13,469",21.6,"$66,284","$34,178",8.20%,"2,112","37,222","1,593,764",2.20%,"7,183","1,757",S,251,S,S,S,S,267.6,252.1,406.52,406.58,0
"Monroe County, Ohio","13,329","13,385",-0.40%,"13,385","14,642",4.90%,20.50%,23.70%,49.20%,97.30%,0.70%,0.20%,0.20%,Z,1.60%,0.70%,96.70%,885,0.60%,"7,132",78.60%,"$115,500",$980,$366,$584,1,"5,565",2.4,93.60%,1.70%,83.50%,74.60%,89.80%,12.60%,12.80%,10.10%,50.60%,43.00%,D,"13,248","58,596","75,307","$5,400",33.7,"$50,503","$30,569",14.20%,263,"1,820","60,937",-1.00%,982,245,161,S,S,205,S,193,29.4,32.1,455.72,455.72,0
"Montgomery County, Ohio","535,840","537,309",-0.30%,"537,309","535,153",5.90%,22.10%,18.30%,51.60%,72.40%,21.70%,0.30%,2.40%,0.10%,3.10%,3.60%,69.50%,"37,254",5.00%,"252,095",62.00%,"$133,400","$1,255",$515,$849,"1,047","226,199",2.29,83.20%,6.20%,92.00%,87.30%,91.00%,29.20%,11.10%,8.30%,61.90%,57.80%,"1,176,468","6,622,095","1,171,506","8,441,166","$15,868",22.1,"$56,543","$32,692",15.20%,"10,960","236,680","11,710,997",0.90%,"34,012","8,159","4,901","1,405",735,"6,286",S,"6,456","1,164.60","1,159.50",461.35,461.55,0
"Morgan County, Ohio","13,682","13,802",-0.90%,"13,802","15,054",4.90%,20.60%,22.30%,49.80%,92.30%,3.00%,0.40%,0.20%,Z,4.00%,1.00%,91.70%,786,0.40%,"7,286",77.10%,"$103,500",$993,$361,$641,55,"5,629",2.45,91.50%,1.20%,83.50%,74.30%,84.70%,10.90%,15.40%,9.40%,50.50%,49.90%,"9,631","28,249",D,"59,400","$4,056",35.5,"$44,848","$23,497",16.40%,158,"2,206","77,860",-2.10%,795,146,78,S,S,107,S,101,33.1,36.2,416.43,416.42,0
"Morrow County, Ohio","35,151","34,950",0.60%,"34,950","34,827",5.50%,22.10%,18.50%,49.60%,96.80%,0.90%,0.30%,0.50%,Z,1.60%,1.80%,95.30%,"2,214",1.10%,"14,584",80.60%,"$163,300","$1,307",$461,$851,150,"13,048",2.65,91.60%,6.50%,91.70%,84.60%,89.00%,15.00%,11.40%,9.60%,63.90%,59.90%,"20,165",D,"7,654","174,823","$5,005",30.6,"$63,411","$30,352",11.30%,408,"4,020","131,238",4.00%,"2,675",363,S,65,S,S,S,S,86.1,85.8,406.13,406.08,0
"Muskingum County, Ohio","86,408","86,410",0.00%,"86,410","86,074",5.90%,22.70%,18.40%,51.10%,91.90%,3.90%,0.30%,0.60%,Z,3.20%,1.30%,91.00%,"5,328",0.50%,"38,337",70.30%,"$132,800","$1,140",$411,$719,21,"33,970",2.48,87.90%,2.50%,88.30%,84.20%,89.80%,18.20%,10.40%,8.00%,59.70%,55.20%,"169,642","820,282","145,324","1,330,216","$15,450",25,"$52,224","$28,877",15.80%,"1,667","27,960","1,201,764",-1.70%,"5,150","1,233",724,142,S,950,60,917,130,129.5,664.55,664.58,0
"Noble County, Ohio","14,176","14,115",0.40%,"14,115","14,645",5.00%,18.80%,28.70%,40.30%,94.80%,3.30%,0.40%,0.30%,Z,1.20%,0.80%,94.20%,"1,060",0.60%,"5,785",79.30%,"$113,500","$1,044",$368,$652,25,"4,608",2.58,88.30%,4.00%,80.00%,73.20%,85.00%,12.10%,11.60%,9.30%,37.40%,45.60%,D,"15,185",D,"81,132","$5,632",25.6,"$46,144","$26,411",16.30%,219,"1,903","55,417",-0.20%,768,183,114,S,S,145,S,118,35.5,36.8,398.01,398.01,0
"Ottawa County, Ohio","40,104","40,364",-0.60%,"40,364","41,428",4.10%,18.00%,26.40%,50.00%,96.60%,1.10%,0.30%,0.40%,Z,1.60%,5.40%,91.80%,"3,183",1.20%,"28,744",81.00%,"$160,500","$1,284",$467,$774,172,"17,930",2.21,91.30%,2.80%,92.20%,83.10%,92.40%,26.00%,8.20%,8.40%,57.80%,54.30%,"139,278","145,517","73,912","442,663","$10,889",25,"$64,463","$40,728",8.40%,"1,014","9,878","451,384",-3.20%,"3,031",890,455,S,S,775,72,693,158.5,162.5,254.7,254.92,0
"Paulding County, Ohio","18,871","18,806",0.30%,"18,806","19,614",6.10%,24.10%,19.20%,50.00%,96.40%,1.20%,0.50%,0.30%,Z,1.50%,5.20%,92.10%,"1,167",1.40%,"8,521",80.20%,"$107,700","$1,030",$422,$704,29,"7,480",2.51,89.90%,2.50%,88.50%,77.00%,89.70%,16.20%,13.10%,8.90%,58.00%,52.10%,D,"36,573","30,477","136,775","$7,269",23.8,"$59,987","$30,831",10.30%,298,"4,045","141,660",4.40%,"1,049",234,S,S,S,S,S,S,45.2,47.1,416.44,416.44,0
"Perry County, Ohio","35,460","35,408",0.10%,"35,408","36,058",5.80%,23.60%,17.60%,49.70%,97.10%,0.60%,0.40%,0.20%,0.10%,1.60%,1.00%,96.20%,"2,578",0.50%,"15,006",76.70%,"$136,300","$1,148",$439,$654,47,"13,071",2.69,90.80%,2.60%,89.10%,82.00%,88.80%,13.40%,15.00%,8.70%,55.50%,52.70%,"18,927",D,"17,616","191,893","$5,334",32.1,"$58,616","$26,299",13.90%,437,"4,442","150,303",-10.50%,"2,049",269,129,S,S,216,S,208,86.8,88.4,407.93,407.97,0
"Pickaway County, Ohio","59,333","58,539",1.40%,"58,539","55,698",5.30%,21.50%,16.10%,47.10%,93.30%,4.00%,0.30%,0.60%,Z,1.80%,1.70%,92.00%,"3,723",0.80%,"22,540",72.60%,"$185,400","$1,437",$525,$851,262,"20,706",2.61,85.00%,1.60%,91.80%,84.90%,87.20%,19.60%,11.20%,6.90%,55.60%,55.60%,"69,531","193,075","63,431","464,691","$8,044",28.7,"$63,629","$30,342",10.20%,783,"10,411","425,955",-3.40%,"3,445",830,431,174,S,661,S,668,116.8,111.1,501.23,501.32,0
"Pike County, Ohio","27,089","27,088",Z,"27,088","28,709",6.30%,23.90%,18.40%,50.20%,95.30%,1.30%,0.80%,0.30%,0.10%,2.20%,1.30%,94.40%,"2,036",0.70%,"12,076",66.90%,"$118,400","$1,125",$414,$760,29,"10,478",2.56,90.90%,1.70%,87.80%,75.00%,85.10%,14.70%,18.50%,8.60%,49.80%,46.70%,"27,457","146,043",D,"282,398","$10,055",28.5,"$44,961","$26,568",19.20%,402,"7,184","352,191",-4.00%,"1,446",348,239,S,S,272,S,255,61.5,65.2,440.28,440.28,0
"Portage County, Ohio","162,382","161,791",0.40%,"161,791","161,419",4.40%,18.30%,17.70%,50.80%,90.30%,5.00%,0.20%,2.10%,0.10%,2.30%,2.20%,88.50%,"8,573",3.00%,"71,037",70.40%,"$168,500","$1,382",$522,$921,427,"63,372",2.43,86.50%,4.20%,92.70%,85.30%,92.40%,30.10%,8.80%,8.30%,65.50%,61.30%,"268,582","508,024","355,322","2,382,688","$14,668",25.2,"$64,163","$34,290",12.40%,"2,958","47,923","2,049,113",-0.10%,"10,744","2,628","1,758",327,122,"2,160",218,"1,970",331.9,331.2,487.41,487.38,0
"Preble County, Ohio","40,867","40,999",-0.30%,"40,999","42,270",5.30%,22.30%,19.90%,50.00%,96.70%,0.80%,0.40%,0.70%,Z,1.40%,1.10%,95.80%,"2,703",0.90%,"18,120",78.00%,"$141,600","$1,149",$443,$754,48,"16,648",2.44,91.00%,1.80%,90.20%,83.70%,91.40%,18.40%,10.50%,7.40%,61.50%,55.40%,"45,947","89,012",D,"387,095","$9,414",26.3,"$60,527","$31,040",11.00%,664,"9,668","444,669",1.20%,"2,471",609,S,96,S,524,S,499,96.6,99.7,424.23,424.12,0
"Putnam County, Ohio","34,318","34,451",-0.40%,"34,451","34,499",6.40%,25.80%,18.40%,49.60%,97.80%,0.70%,0.40%,0.30%,Z,0.80%,6.80%,91.60%,"1,454",1.30%,"13,869",85.50%,"$158,300","$1,227",$445,$754,47,"13,158",2.59,93.40%,4.10%,92.30%,85.30%,94.60%,24.80%,5.50%,7.90%,67.10%,62.40%,"29,880","63,104","58,200","289,845","$8,558",22.4,"$73,122","$33,676",7.10%,729,"9,933","398,620",-3.10%,"2,147",522,312,56,S,S,S,S,71.4,71.5,482.54,482.52,0
"Richland County, Ohio","125,195","124,936",0.20%,"124,936","124,475",5.60%,21.90%,20.00%,48.90%,86.90%,9.50%,0.20%,0.90%,0.10%,2.50%,2.20%,85.10%,"8,429",1.60%,"54,634",67.20%,"$123,900","$1,100",$426,$694,115,"49,505",2.37,85.80%,4.30%,88.90%,82.50%,88.40%,17.80%,12.10%,8.90%,56.80%,55.10%,"214,497","836,660","187,275","1,641,877","$13,626",22.4,"$52,605","$27,534",13.40%,"2,606","39,890","1,479,026",-1.00%,"7,134","2,023","1,083",323,S,"1,503",229,"1,386",252.3,251.3,495.23,495.27,0
"Ross County, Ohio","76,891","77,093",-0.30%,"77,093","78,064",5.30%,21.10%,17.60%,47.40%,90.50%,5.80%,0.30%,0.50%,Z,2.70%,1.40%,89.50%,"5,240",0.90%,"32,065",70.80%,"$134,300","$1,227",$440,$784,15,"29,455",2.43,86.50%,1.70%,89.70%,83.60%,88.80%,16.90%,14.00%,8.10%,53.50%,53.60%,"137,304","733,274","132,169","1,128,854","$14,604",26.8,"$54,004","$27,086",18.90%,"1,233","22,077","953,471",-2.30%,"3,890",933,519,S,S,730,S,667,111.9,113.3,689.17,689.19,0
"Sandusky County, Ohio","58,715","58,896",-0.30%,"58,896","60,944",5.40%,22.00%,19.80%,50.10%,92.70%,3.60%,0.40%,0.50%,Z,2.80%,10.70%,83.20%,"3,550",1.70%,"26,496",72.90%,"$124,700","$1,101",$445,$719,52,"23,797",2.43,90.00%,4.20%,90.20%,83.20%,92.60%,18.10%,11.70%,8.70%,61.30%,55.90%,"95,195","270,962","112,013","683,910","$11,573",19.4,"$56,414","$29,904",13.10%,"1,273","22,041","942,599",-3.40%,"3,095","1,105",598,192,42,855,56,824,144.3,149.2,408.25,408.45,0
"Scioto County, Ohio","73,346","74,008",-0.90%,"74,008","79,499",5.50%,21.80%,18.80%,50.40%,94.10%,2.80%,0.60%,0.40%,Z,2.10%,1.60%,92.80%,"4,573",0.70%,"33,087",68.30%,"$107,600","$1,130",$414,$669,4,"28,152",2.52,87.20%,1.40%,85.80%,80.50%,86.00%,16.40%,18.60%,7.90%,46.50%,45.10%,"117,733","765,068","47,998","930,903","$12,246",27.1,"$43,266","$23,958",23.90%,"1,240","19,183","721,708",1.80%,"3,670",965,538,150,57,737,60,704,121.3,130.3,610.15,610.21,0
"Shelby County, Ohio","47,977","48,230",-0.50%,"48,230","49,423",6.40%,24.70%,17.40%,49.50%,93.70%,2.40%,0.20%,1.20%,0.10%,2.40%,1.60%,92.40%,"2,824",1.60%,"20,116",71.40%,"$154,500","$1,227",$482,$787,75,"18,429",2.6,88.80%,2.00%,91.70%,87.10%,89.60%,19.10%,8.70%,7.30%,67.80%,63.30%,"74,845","210,672","256,587","490,553","$10,067",18.7,"$66,536","$31,861",10.70%,964,"24,765","1,287,376",-4.30%,"2,746",885,505,S,S,698,37,668,118.3,121.2,407.69,407.68,0
"Stark County, Ohio","373,834","374,853",-0.30%,"374,853","375,586",5.50%,21.50%,20.10%,51.10%,87.50%,8.10%,0.30%,1.00%,Z,3.00%,2.40%,85.60%,"23,509",2.10%,"167,323",68.00%,"$146,100","$1,178",$449,$784,952,"154,426",2.37,87.70%,3.20%,91.70%,84.50%,92.30%,23.60%,9.70%,7.60%,62.00%,56.90%,"745,822","2,769,783","329,788","5,377,131","$14,450",21.6,"$58,170","$31,765",12.80%,"8,005","143,048","5,849,718",-2.90%,"24,956","6,195","3,594","1,089",324,"5,094",377,"4,941",651.6,652.9,575.27,575.27,0
"Trumbull County, Ohio","201,335","201,977",-0.30%,"201,977","210,312",5.20%,20.60%,22.10%,50.90%,88.00%,8.80%,0.20%,0.60%,Z,2.30%,2.10%,86.40%,"14,454",1.50%,"94,373",71.40%,"$109,300","$1,046",$430,$707,120,"84,989",2.33,91.70%,4.80%,87.20%,79.70%,89.20%,19.30%,12.30%,9.20%,54.60%,50.90%,"300,291","1,329,612","476,035","2,584,704","$12,896",23.6,"$50,258","$28,123",15.50%,"3,817","55,664","2,097,513",-6.40%,"13,201","3,303","2,037",564,169,"2,721",242,"2,609",326.8,340.1,618.1,618.3,0
"Tuscarawas County, Ohio","92,500","93,263",-0.80%,"93,263","92,582",6.20%,22.90%,20.00%,50.20%,96.20%,1.00%,0.60%,0.40%,0.30%,1.50%,3.60%,93.60%,"5,457",1.50%,"40,845",69.90%,"$144,700","$1,167",$439,$796,64,"37,661",2.44,86.10%,8.20%,88.60%,80.40%,88.40%,18.40%,10.80%,11.10%,61.90%,54.80%,"135,590","416,388","177,984","1,194,721","$12,933",23.5,"$57,545","$29,276",12.40%,"2,062","30,562","1,240,618",-0.50%,"6,245","1,882","1,159",300,S,"1,652",S,"1,532",164.4,163.1,567.39,567.64,0
"Vinton County, Ohio","12,696","12,800",-0.80%,"12,800","13,435",5.30%,21.30%,18.60%,49.70%,97.00%,0.60%,0.40%,0.40%,Z,1.60%,1.10%,96.10%,634,0.80%,"5,933",76.00%,"$98,500","$1,028",$431,$646,2,"5,052",2.53,91.50%,2.60%,78.80%,69.40%,80.20%,13.10%,16.10%,9.30%,54.60%,51.30%,D,"14,731","19,864","30,349","$2,320",35.3,"$46,653","$25,263",19.30%,147,"1,641","50,807",-3.00%,609,139,S,S,S,105,S,95,31,32.6,412.36,412.36,0
"Warren County, Ohio","246,553","242,337",1.70%,"242,337","212,693",5.50%,23.90%,15.20%,49.30%,86.90%,3.90%,0.20%,6.90%,0.10%,2.00%,3.20%,84.10%,"12,515",7.80%,"95,160",78.60%,"$250,300","$1,723",$642,"$1,156","1,406","86,981",2.67,87.40%,9.30%,96.70%,93.70%,94.60%,44.10%,6.80%,5.20%,65.10%,61.50%,"463,168","1,091,373","202,893","2,934,129","$12,796",25.7,"$95,709","$45,255",5.90%,"4,456","83,544","4,528,870",1.20%,"18,428","3,647",S,S,309,S,S,S,603.7,530,401.43,401.31,0
"Washington County, Ohio","59,423","59,771",-0.60%,"59,771","61,778",4.90%,19.80%,21.90%,50.50%,95.70%,1.30%,0.30%,0.70%,Z,1.90%,1.20%,94.70%,"4,903",1.40%,"27,969",74.10%,"$146,600","$1,128",$414,$725,5,"24,435",2.39,87.50%,2.50%,87.70%,79.90%,91.40%,19.80%,13.10%,7.80%,58.10%,52.80%,"105,792","660,797","137,777","882,003","$14,565",23.2,"$54,167","$31,375",13.60%,"1,351","22,846","1,062,679",-2.40%,"3,731","1,054",606,S,53,814,S,762,94.6,97.8,631.97,631.97,0
"Wayne County, Ohio","116,710","116,894",-0.20%,"116,894","114,520",6.30%,24.20%,18.70%,49.90%,95.30%,1.60%,0.20%,1.10%,0.10%,1.80%,2.20%,93.50%,"5,834",2.20%,"46,830",74.70%,"$164,300","$1,243",$474,$770,189,"43,964",2.56,87.30%,12.90%,86.80%,82.10%,86.10%,23.40%,9.30%,12.10%,62.50%,55.10%,"157,908","510,951","271,201","1,367,808","$11,768",20.2,"$64,594","$30,362",9.60%,"2,482","43,423","1,792,709",2.30%,"9,242","2,127","1,235",259,98,"1,727",S,"1,736",210.7,206.4,554.79,554.93,0
"Williams County, Ohio","36,716","37,102",-1.00%,"37,102","37,642",5.70%,22.10%,20.00%,49.90%,96.40%,1.30%,0.40%,0.60%,Z,1.20%,5.20%,91.80%,"1,996",1.60%,"16,571",76.90%,"$111,500","$1,044",$412,$718,31,"15,261",2.36,89.20%,3.10%,89.10%,84.20%,91.70%,14.60%,11.30%,8.30%,62.10%,59.20%,"46,307","161,009","55,841","372,862","$10,145",17.9,"$55,030","$28,831",9.00%,780,"15,739","623,325",-1.20%,"2,159",656,415,S,S,534,S,530,88.2,89.4,420.66,420.97,0
"Seneca County, Ohio","54,906","55,069",-0.30%,"55,069","56,745",5.50%,21.70%,18.90%,49.70%,93.70%,2.70%,0.30%,0.80%,0.10%,2.50%,5.70%,88.80%,"3,361",1.60%,"23,973",72.60%,"$113,000","$1,049",$433,$740,48,"21,862",2.38,87.10%,3.50%,90.30%,83.80%,93.00%,17.90%,10.30%,8.10%,62.80%,59.20%,"86,572","185,533","71,358","565,697","$10,226",20.7,"$56,043","$28,992",12.00%,"1,025","16,462","607,851",-2.90%,"2,965",968,557,130,S,777,S,748,99.9,103,551.03,551.02,1
"Wood County, Ohio","132,472","132,248",0.20%,"132,248","125,488",5.00%,20.30%,16.10%,50.40%,92.70%,2.90%,0.30%,2.00%,Z,2.00%,6.10%,87.30%,"6,213",3.30%,"57,308",64.20%,"$177,000","$1,437",$553,$845,547,"53,010",2.37,80.30%,4.60%,95.20%,89.70%,95.00%,36.30%,8.80%,7.10%,68.10%,63.80%,"308,072","484,132","584,933","1,871,783","$14,333",20.7,"$66,337","$36,047",10.90%,"2,701","57,707","2,719,738",-0.60%,"7,946","2,091","1,141",224,115,"1,517",94,"1,532",214.3,203.3,617.16,617.21,0
"Union County, Ohio","64,971","62,784",3.50%,"62,784","52,300",6.10%,24.40%,13.00%,51.50%,89.60%,2.70%,0.20%,5.70%,Z,1.80%,2.50%,87.40%,"3,081",5.40%,"24,130",81.20%,"$242,400","$1,696",$626,"$1,050","1,253","21,654",2.71,84.80%,7.10%,95.70%,92.70%,94.40%,37.80%,6.80%,5.50%,67.30%,59.30%,"84,737","221,906","137,233","793,871","$13,966",25.9,"$96,634","$44,442",5.50%,"1,083","25,265","1,591,247",-1.10%,"4,192",922,533,107,55,689,S,652,145.4,121.1,431.76,431.73,1
"Wyandot County, Ohio","21,708","21,900",-0.90%,"21,900","22,615",5.20%,22.30%,20.40%,50.20%,97.30%,0.50%,0.30%,0.70%,Z,1.20%,3.30%,94.50%,"1,341",1.40%,"9,847",72.50%,"$133,600","$1,139",$420,$682,70,"9,036",2.4,92.70%,2.80%,91.60%,84.70%,93.60%,19.40%,8.30%,8.10%,64.40%,59.20%,"18,449","76,192",D,"272,545","$12,356",22.9,"$61,626","$30,596",7.90%,494,"9,495","425,207",6.80%,"1,317",321,175,S,S,254,29,216,53.8,55.6,406.88,406.87,0
,,,,,,,,,,,,,,,,,,,,,,,,,,,,,,,,,,,,,,,,,,,,,,,,,,,,,,,,,,,,,,,,
vanvert,,,,,,,,,,,,,,,,,,,,,,,,,,,,,,,,,,,,,,,,,,,,,,,,,,,,,,,,,,,,,,,,
summit,,,,,,,,,,,,,,,,,,,,,,,,,,,,,,,,,,,,,,,,,,,,,,,,,,,,,,,,,,,,,,,,